Chicken Age,Feeding Time,Served Food Quantity,Required Food Quantity,gender,Average Egg Production,health_condition
73,10:15 PM,97,2,Female,0.53,Sick
22,4:26 AM,23,39,Female,2.54,Injured
97,1:45 AM,2,33,Male,1.7,Injured
84,3:52 AM,62,20,Male,1.19,Healthy
76,9:12 AM,73,69,Female,8.15,Injured
48,7:52 PM,41,46,Female,2.62,Sick
69,3:43 PM,48,36,Male,5.37,Healthy
81,11:18 PM,62,4,Male,2.08,Healthy
89,1:03 PM,97,36,Female,9.26,Injured
41,7:09 PM,41,40,Female,0.4,Injured
39,10:10 PM,69,37,Male,6.41,Injured
44,7:25 AM,32,54,Female,1.05,Injured
23,2:29 PM,7,34,Male,5.76,Sick
100,1:38 AM,91,12,Female,2.88,Injured
36,8:25 AM,4,7,Female,1.22,Injured
10,8:36 PM,81,53,Male,8.95,Injured
64,9:32 AM,91,67,Male,4.76,Injured
63,5:52 AM,6,3,Female,7.59,Healthy
13,6:08 PM,55,59,Male,0.56,Sick
70,3:56 PM,93,10,Female,8.44,Healthy
39,1:27 AM,27,43,Male,3.88,Healthy
44,1:43 PM,4,89,Male,6.49,Sick
72,12:08 AM,66,99,Female,3.72,Injured
67,8:56 AM,23,94,Male,8.77,Sick
29,4:58 AM,80,11,Male,3.11,Healthy
69,2:16 PM,15,41,Female,4.53,Injured
95,10:26 AM,37,59,Female,5.56,Injured
50,8:00 AM,78,9,Male,0.94,Injured
84,2:09 AM,33,99,Female,3.46,Sick
18,2:28 PM,22,9,Male,7.64,Sick
80,7:57 PM,31,91,Male,7.17,Sick
26,8:46 AM,32,14,Female,1.2,Injured
56,6:16 PM,16,78,Female,3.74,Injured
57,5:37 PM,95,25,Female,5.23,Sick
40,3:26 AM,58,60,Male,0.82,Healthy
96,7:44 PM,32,85,Female,5.8,Injured
63,8:41 PM,51,58,Male,8.01,Sick
49,11:15 PM,46,72,Male,0.73,Injured
2,9:29 AM,62,98,Male,2.79,Injured
21,6:44 PM,37,91,Female,2.68,Injured
77,3:56 AM,24,88,Male,6.59,Injured
54,11:26 AM,84,19,Male,4.22,Healthy
85,6:52 AM,12,31,Male,2.44,Healthy
27,9:39 AM,65,66,Male,8.64,Injured
10,11:29 AM,32,58,Male,0.36,Healthy
40,7:02 AM,23,41,Male,9.75,Injured
45,10:17 PM,39,98,Female,5.41,Injured
18,7:40 PM,11,45,Female,8.76,Healthy
39,1:35 PM,78,2,Female,5.55,Sick
53,3:19 PM,83,96,Male,4.17,Injured
29,5:10 PM,76,42,Female,2.52,Healthy
1,6:55 PM,46,10,Male,4.99,Healthy
5,11:14 PM,24,89,Male,7.36,Sick
57,9:37 AM,80,9,Male,0.78,Injured
48,7:37 AM,52,48,Female,2.64,Injured
50,10:51 PM,19,44,Female,0.63,Injured
27,3:51 AM,5,21,Male,9.61,Sick
98,10:33 PM,74,21,Male,2.27,Sick
82,11:05 AM,84,56,Male,6.61,Injured
45,8:57 AM,43,97,Male,6.15,Injured
4,5:28 PM,29,13,Male,4.58,Healthy
78,5:30 PM,65,59,Male,2.93,Sick
71,4:22 PM,41,94,Male,8.98,Sick
26,8:18 AM,83,27,Female,9.08,Healthy
80,11:04 PM,73,80,Female,3.11,Injured
4,12:06 PM,90,20,Male,5.52,Injured
60,12:38 AM,37,55,Male,3.52,Sick
48,3:57 PM,13,66,Male,5.75,Healthy
84,7:17 PM,54,31,Male,5.78,Sick
46,5:18 PM,99,71,Male,3.21,Healthy
35,1:29 AM,63,39,Female,0.91,Sick
11,4:43 PM,69,33,Female,0.07,Sick
69,3:57 AM,41,41,Female,6.96,Healthy
26,6:37 AM,2,88,Male,3.99,Sick
12,6:13 AM,32,67,Female,3.61,Healthy
92,7:11 PM,46,28,Male,9.69,Injured
4,9:30 PM,17,91,Female,7.18,Sick
70,7:05 PM,25,34,Female,6.15,Healthy
40,7:31 PM,22,34,Male,3.75,Healthy
93,5:27 PM,83,29,Female,4.39,Injured
7,9:41 AM,28,86,Female,7.74,Injured
69,5:44 PM,17,49,Male,8.91,Sick
64,11:08 AM,6,68,Male,9.95,Healthy
20,8:18 AM,44,57,Female,9.83,Injured
46,6:58 PM,67,55,Female,9.04,Healthy
80,1:23 AM,36,32,Female,8.02,Sick
12,9:55 PM,94,22,Male,3.18,Injured
98,9:06 AM,97,86,Male,1.12,Healthy
98,12:47 AM,29,11,Male,9.8,Healthy
28,8:29 PM,20,48,Male,1.04,Healthy
72,4:52 PM,66,47,Female,0.56,Sick
65,4:09 AM,88,65,Female,0.89,Sick
40,10:22 PM,16,76,Female,1.12,Sick
88,5:43 PM,48,58,Female,3.51,Injured
64,3:59 AM,49,66,Female,6.3,Sick
2,10:32 AM,93,48,Female,2.4,Healthy
78,6:21 AM,91,30,Male,2.68,Healthy
47,12:15 PM,55,55,Male,1.72,Injured
88,12:33 AM,99,38,Female,0.12,Sick
19,6:29 AM,65,29,Female,1.8,Healthy
54,9:55 PM,50,6,Female,3.94,Healthy
40,12:51 PM,39,41,Female,0.07,Healthy
93,7:28 PM,66,48,Male,5.94,Healthy
95,9:15 AM,54,88,Male,2.22,Healthy
27,6:50 AM,79,26,Male,5.3,Injured
76,6:17 PM,36,41,Male,4.74,Injured
39,4:41 PM,13,61,Male,2.14,Healthy
18,1:28 AM,1,86,Female,5.24,Healthy
98,6:22 AM,84,49,Male,6.2,Injured
36,2:25 PM,68,52,Female,5.99,Healthy
30,6:03 AM,7,58,Male,9.38,Injured
26,12:41 AM,21,51,Male,9.19,Healthy
8,7:29 PM,18,38,Female,6,Healthy
10,8:46 AM,24,75,Male,8.39,Sick
24,1:56 PM,21,96,Male,4.52,Healthy
84,4:05 AM,7,18,Female,2.73,Injured
39,7:23 AM,46,72,Male,7.81,Sick
90,11:32 AM,93,34,Male,3.62,Healthy
30,1:43 AM,3,79,Female,5.24,Injured
35,8:10 PM,40,52,Female,7.1,Sick
31,1:09 PM,100,56,Female,9.16,Healthy
59,4:31 PM,50,42,Female,9.04,Healthy
75,2:53 AM,40,60,Male,3.32,Healthy
54,6:22 PM,19,10,Male,4.65,Healthy
60,10:03 AM,73,51,Male,5.65,Injured
31,6:16 PM,85,29,Male,6.82,Healthy
72,6:50 AM,37,23,Female,0.72,Injured
45,6:34 AM,69,27,Male,4.26,Healthy
19,1:15 AM,70,57,Male,2.05,Injured
2,11:28 PM,52,75,Male,0.25,Healthy
100,4:18 PM,2,40,Female,6.66,Injured
3,1:52 AM,13,64,Male,1.16,Healthy
89,2:59 AM,48,8,Female,7.33,Sick
94,8:28 AM,14,9,Male,7.33,Injured
79,6:15 PM,51,64,Female,7.5,Injured
8,1:00 AM,12,43,Female,6.32,Sick
85,11:00 AM,96,82,Male,4.74,Injured
70,10:44 PM,20,99,Male,7.83,Injured
99,12:03 PM,58,1,Male,1.97,Injured
82,11:51 AM,3,58,Male,8.58,Injured
54,10:59 AM,10,72,Female,6.35,Healthy
49,2:44 PM,95,76,Female,5.04,Healthy
73,4:32 PM,27,83,Male,3.96,Injured
58,12:15 AM,58,8,Female,7.81,Sick
34,5:19 PM,8,48,Female,5.43,Injured
75,8:36 AM,44,29,Female,9.85,Healthy
91,1:03 AM,54,99,Male,5.66,Healthy
93,3:13 AM,40,72,Male,0.65,Injured
25,6:21 AM,82,62,Female,7.44,Healthy
37,1:39 PM,8,83,Female,7.13,Injured
66,3:28 AM,89,38,Male,8.98,Injured
55,3:16 AM,98,84,Male,0.65,Healthy
20,4:51 AM,51,24,Male,7.88,Healthy
56,4:08 PM,40,66,Male,4.41,Injured
28,1:06 AM,91,70,Male,0.57,Injured
47,6:07 AM,90,50,Male,1.41,Healthy
10,3:51 AM,92,69,Female,7.65,Injured
27,8:12 AM,58,65,Female,2.47,Sick
74,2:12 AM,87,15,Male,3.96,Injured
79,11:58 PM,55,3,Male,5.24,Healthy
84,8:39 PM,2,18,Male,2.52,Healthy
17,9:03 PM,28,53,Male,8.61,Healthy
44,11:17 AM,90,2,Male,1.87,Injured
52,9:42 PM,29,6,Female,3.01,Injured
67,9:30 PM,70,100,Female,0.21,Healthy
22,5:15 PM,62,4,Female,7.29,Healthy
64,7:02 PM,42,43,Male,2.46,Healthy
96,11:11 PM,61,77,Male,4.44,Injured
45,7:16 PM,85,46,Female,1.02,Healthy
39,9:03 AM,66,68,Female,2.53,Injured
89,1:15 PM,26,80,Male,4.07,Sick
48,6:05 PM,86,84,Female,9.32,Healthy
56,2:11 PM,34,1,Male,0.75,Injured
97,5:15 PM,56,80,Male,1.72,Healthy
32,12:36 PM,28,58,Female,8.78,Sick
42,2:00 AM,93,62,Female,9.81,Injured
54,8:33 AM,98,53,Female,3.74,Injured
2,4:47 PM,27,32,Female,0.1,Sick
99,8:38 PM,85,63,Female,9.89,Sick
28,12:13 PM,9,33,Male,3.16,Sick
54,4:59 PM,5,48,Female,7.4,Healthy
2,12:01 AM,63,89,Male,5.78,Injured
45,3:42 PM,89,51,Female,5.32,Injured
41,5:33 PM,17,32,Female,4.57,Injured
34,11:16 PM,81,50,Female,4.73,Injured
72,7:13 PM,36,55,Male,6.87,Healthy
9,3:25 PM,27,97,Female,2.43,Healthy
5,6:53 AM,39,34,Female,8.03,Injured
26,7:32 PM,46,7,Male,9.35,Healthy
94,8:18 PM,3,83,Female,8.55,Healthy
41,12:53 AM,69,50,Male,5.07,Healthy
27,11:43 PM,73,62,Female,2.97,Sick
25,6:13 PM,19,54,Male,0.64,Healthy
47,4:20 AM,46,69,Male,2.93,Sick
50,6:26 PM,90,1,Male,0.26,Sick
34,3:32 AM,11,36,Male,7.61,Injured
34,2:33 AM,25,6,Male,4.52,Healthy
82,7:36 PM,83,14,Male,7.11,Sick
42,6:37 PM,51,46,Male,5.63,Healthy
24,8:56 PM,33,53,Male,0.42,Injured
89,1:12 PM,4,53,Female,7.55,Injured
83,12:54 AM,74,82,Female,9.01,Sick
3,7:06 PM,9,41,Male,3.12,Injured
26,12:53 AM,71,96,Female,6.66,Sick
71,10:41 PM,72,84,Male,0.1,Injured
9,11:51 PM,72,37,Female,2.02,Injured
27,8:08 PM,51,51,Male,4.13,Healthy
71,4:31 AM,69,53,Female,0.29,Injured
73,5:48 AM,4,6,Male,1.35,Injured
60,5:08 AM,58,27,Male,8.55,Injured
58,11:50 AM,95,22,Male,1.43,Healthy
50,4:06 PM,92,65,Male,5.9,Healthy
72,8:12 AM,21,38,Male,7.03,Injured
24,12:12 PM,56,24,Male,5.06,Healthy
17,3:54 AM,12,19,Female,1.06,Injured
24,9:05 AM,52,19,Female,3.2,Injured
66,2:37 AM,57,91,Male,8.94,Injured
74,7:42 PM,26,61,Male,8.54,Injured
73,11:07 AM,61,31,Female,7.46,Injured
4,8:03 PM,77,91,Male,4.58,Healthy
77,8:07 AM,17,27,Female,5.66,Sick
98,8:52 AM,99,30,Male,7.98,Injured
78,7:09 PM,33,22,Female,2.2,Healthy
61,11:33 PM,29,21,Female,9.15,Healthy
97,7:24 PM,51,92,Male,7.77,Healthy
82,9:54 AM,71,78,Female,0.32,Injured
19,11:21 AM,22,100,Male,9.72,Injured
67,2:17 AM,11,66,Male,6.6,Injured
1,3:23 PM,46,99,Female,3.73,Healthy
81,4:37 PM,95,79,Male,6.83,Injured
53,9:50 PM,18,1,Male,2.39,Healthy
37,10:33 PM,69,41,Male,5.6,Injured
66,2:41 AM,85,7,Female,7.61,Healthy
88,9:48 PM,77,42,Male,1.54,Injured
34,8:19 AM,18,50,Female,5.63,Injured
21,5:01 AM,41,32,Female,3.67,Healthy
100,7:56 AM,49,44,Male,4.99,Healthy
93,6:11 PM,86,50,Male,2.26,Injured
34,7:47 AM,1,22,Male,1.75,Injured
82,12:10 AM,98,71,Female,9.32,Injured
2,9:57 PM,69,50,Male,5.6,Healthy
77,12:16 AM,25,4,Female,1.44,Sick
56,3:19 PM,73,52,Male,2.53,Injured
12,4:28 AM,6,47,Male,1.22,Healthy
39,11:19 AM,70,25,Female,8.12,Healthy
22,6:25 PM,50,41,Male,1.24,Healthy
22,3:05 PM,24,27,Male,6.12,Sick
49,6:46 AM,49,76,Female,8.26,Injured
97,8:55 PM,93,26,Female,1.43,Healthy
59,11:14 AM,90,90,Female,8.28,Healthy
75,2:56 PM,17,45,Female,0.4,Injured
100,12:32 PM,52,86,Female,9.53,Injured
42,1:29 AM,73,87,Male,9.8,Injured
17,8:32 AM,79,50,Male,9.67,Injured
34,5:50 AM,29,2,Male,2.56,Healthy
40,11:41 AM,28,32,Male,9.81,Injured
26,2:43 PM,95,40,Female,0.91,Injured
87,3:23 PM,82,93,Male,9.68,Sick
40,6:08 PM,82,64,Male,8.68,Injured
61,10:55 AM,19,71,Female,2.45,Injured
88,8:26 PM,92,21,Female,9.28,Healthy
45,4:57 AM,80,38,Male,5.02,Sick
16,12:15 AM,98,95,Male,2.23,Injured
60,6:56 PM,95,18,Female,3.43,Healthy
83,7:06 PM,84,17,Female,6.38,Sick
46,5:07 AM,15,77,Male,5.93,Healthy
21,11:46 AM,85,30,Male,7.95,Sick
88,6:15 AM,54,9,Male,9.48,Injured
24,11:49 PM,100,47,Male,2.25,Healthy
59,10:54 AM,39,62,Male,7.58,Injured
85,6:03 PM,78,69,Female,6.31,Healthy
43,11:03 AM,83,4,Female,3.19,Sick
63,6:23 PM,6,45,Female,1.97,Sick
2,5:03 AM,67,22,Male,5.92,Healthy
17,1:53 AM,51,19,Male,9.37,Healthy
92,4:48 PM,83,47,Male,5.57,Sick
3,12:11 PM,88,53,Female,0.94,Healthy
46,4:14 AM,93,14,Female,0.88,Healthy
83,11:18 AM,37,3,Female,6.3,Sick
47,9:49 PM,69,96,Male,5.63,Injured
26,3:25 AM,21,35,Male,8.49,Injured
6,6:14 AM,67,41,Male,6.45,Healthy
57,11:32 PM,11,61,Female,1.57,Healthy
88,10:02 AM,73,83,Male,8.47,Injured
14,2:00 PM,38,57,Male,2.82,Injured
74,4:16 PM,6,79,Female,6.19,Sick
85,5:05 PM,35,72,Male,2.55,Sick
21,5:48 PM,88,44,Male,0.42,Sick
11,11:51 AM,47,71,Male,7.95,Healthy
63,9:05 PM,2,9,Male,3.52,Healthy
24,5:09 PM,92,24,Male,8.76,Healthy
16,8:14 AM,83,60,Female,7.5,Sick
90,2:06 PM,21,58,Female,9.57,Healthy
28,3:51 AM,73,96,Female,3.14,Healthy
27,10:06 PM,71,92,Female,3.57,Healthy
99,9:45 AM,99,59,Male,9,Healthy
44,9:19 PM,38,15,Male,2.84,Sick
14,5:33 PM,48,92,Female,4.57,Injured
52,9:01 AM,20,1,Female,1.32,Healthy
44,2:37 AM,21,20,Male,7.36,Healthy
38,8:19 AM,83,39,Male,0.85,Healthy
11,12:04 PM,6,69,Female,9.42,Healthy
82,7:03 AM,62,88,Male,0.34,Injured
2,12:12 PM,49,89,Male,1.88,Injured
12,3:33 PM,78,6,Male,3.91,Injured
5,6:49 PM,62,50,Male,9.82,Healthy
58,1:30 PM,36,11,Male,3.58,Sick
44,6:44 PM,39,26,Female,5.59,Healthy
52,9:04 AM,25,57,Male,5.56,Injured
54,1:26 AM,25,90,Male,8.17,Sick
97,1:49 AM,7,50,Female,6.09,Injured
70,8:42 AM,26,60,Female,2.61,Healthy
24,12:26 AM,69,84,Male,5.81,Healthy
96,8:06 AM,74,77,Male,4.21,Injured
22,8:47 PM,63,98,Male,1.92,Injured
45,6:34 AM,73,84,Male,0.21,Sick
62,5:08 AM,25,19,Female,2.08,Healthy
25,4:27 AM,38,5,Female,2.56,Injured
20,3:53 PM,31,39,Female,0.56,Sick
18,12:05 AM,4,27,Male,2.19,Healthy
79,11:57 PM,50,31,Male,4.76,Sick
61,3:56 AM,3,79,Female,6.36,Sick
57,11:12 PM,51,20,Male,6.49,Injured
55,9:05 PM,85,5,Male,9.79,Sick
91,12:40 AM,64,37,Male,1.7,Injured
8,12:53 AM,9,79,Male,6.45,Healthy
59,7:02 AM,2,20,Male,7.86,Sick
55,2:01 AM,3,57,Female,1.82,Healthy
35,6:47 PM,19,82,Female,1.28,Sick
76,11:26 AM,67,52,Male,7.09,Healthy
5,8:30 AM,25,66,Male,9.55,Sick
1,2:48 AM,80,4,Female,9.34,Injured
38,2:55 AM,57,5,Male,2.36,Healthy
57,10:46 PM,63,77,Male,9.9,Injured
8,2:18 PM,63,2,Male,7.23,Injured
48,4:09 AM,25,85,Female,3.36,Healthy
80,6:24 PM,62,90,Male,6.73,Sick
39,11:28 AM,36,99,Female,6.5,Sick
73,2:58 PM,50,53,Female,5.95,Sick
98,3:11 AM,43,24,Female,2.72,Injured
37,7:43 PM,97,13,Female,0.08,Sick
29,10:22 AM,71,56,Male,5.56,Healthy
55,7:35 AM,87,50,Female,2.21,Healthy
44,5:40 AM,18,56,Female,2.52,Injured
49,11:38 PM,57,76,Female,2.28,Sick
43,6:11 PM,26,29,Male,0.04,Injured
32,1:24 PM,61,41,Female,2.31,Healthy
14,8:27 AM,25,48,Female,6.41,Sick
1,7:42 AM,62,75,Male,6.73,Sick
41,11:33 AM,22,32,Male,6.61,Sick
58,9:02 AM,58,95,Female,3.21,Healthy
6,10:54 AM,4,7,Male,0.5,Healthy
88,11:27 AM,71,61,Female,4.02,Injured
47,7:29 PM,4,36,Male,9.86,Healthy
7,9:43 PM,7,58,Male,4.33,Healthy
84,6:14 PM,11,33,Male,1.61,Sick
61,4:56 PM,62,87,Female,3.99,Sick
45,10:14 AM,66,90,Female,9.29,Healthy
74,3:59 PM,5,22,Male,7.58,Healthy
71,12:56 AM,26,92,Female,7.47,Healthy
44,7:28 AM,41,38,Female,2.66,Sick
23,8:44 PM,35,77,Female,3.27,Injured
98,5:37 PM,60,35,Male,6.1,Injured
93,7:47 AM,88,57,Female,4.47,Sick
16,5:03 PM,92,61,Female,4.75,Healthy
38,1:32 PM,51,45,Male,4.45,Sick
56,11:34 AM,6,70,Female,3.15,Injured
1,8:27 PM,2,96,Female,9.97,Healthy
87,8:18 AM,46,81,Male,6.41,Sick
95,5:32 AM,31,92,Male,3.6,Healthy
58,12:07 PM,71,43,Male,1.22,Sick
6,12:42 AM,48,60,Female,4.41,Injured
68,6:32 AM,82,72,Male,1.41,Injured
44,12:42 PM,99,79,Male,8.46,Injured
60,1:39 AM,41,22,Male,5.6,Injured
3,10:02 PM,91,34,Male,9.15,Injured
71,9:41 PM,11,53,Male,3.89,Sick
94,1:52 AM,64,88,Male,7.97,Healthy
66,2:20 AM,10,70,Male,5.78,Injured
62,5:11 AM,67,63,Male,0.67,Healthy
98,12:01 PM,74,95,Male,0.22,Sick
82,1:06 AM,37,78,Male,7.25,Sick
55,8:27 AM,76,89,Female,8.25,Healthy
67,1:14 AM,58,32,Female,0.65,Sick
16,11:28 AM,91,50,Female,4.35,Healthy
73,1:14 PM,93,8,Female,9.03,Sick
58,4:12 AM,73,77,Female,6.39,Sick
34,10:07 PM,79,50,Male,7.33,Injured
79,3:49 AM,95,37,Female,8.74,Sick
88,12:11 PM,79,96,Male,2.6,Sick
99,6:18 PM,64,97,Male,7.9,Healthy
53,5:00 AM,35,86,Male,0.57,Injured
18,6:54 AM,7,60,Male,4.3,Sick
62,8:21 AM,68,7,Male,3.41,Sick
61,11:25 PM,92,12,Male,6.25,Sick
29,9:07 AM,69,97,Female,6.56,Injured
42,12:12 PM,77,36,Female,0.46,Sick
13,4:45 AM,71,9,Female,2.41,Sick
100,8:05 AM,68,7,Male,5.96,Injured
4,6:37 AM,89,61,Male,6.62,Healthy
6,3:05 AM,65,25,Male,1.57,Sick
63,4:28 AM,38,69,Male,8.23,Sick
45,12:58 PM,46,95,Male,9.94,Sick
15,4:30 PM,42,37,Male,0.31,Healthy
41,12:40 AM,79,64,Female,0.42,Injured
89,6:50 AM,51,31,Male,0.82,Healthy
74,3:41 AM,26,11,Male,0.58,Healthy
17,6:21 PM,100,59,Male,9.01,Healthy
88,12:25 AM,46,56,Female,6.99,Sick
66,6:56 PM,83,43,Female,5.48,Injured
61,7:45 AM,74,66,Male,6.9,Injured
68,6:19 AM,14,98,Male,6.2,Healthy
54,3:23 PM,18,80,Male,2.85,Injured
76,7:08 PM,71,23,Male,3.81,Healthy
37,2:22 PM,93,45,Female,8.87,Healthy
95,10:40 PM,64,27,Male,5.47,Injured
15,11:45 AM,29,71,Male,1.05,Injured
61,10:59 PM,62,99,Male,8.27,Sick
26,1:49 AM,77,53,Female,8.41,Injured
76,7:08 PM,22,59,Female,5.91,Injured
21,12:38 PM,71,51,Male,5.43,Injured
23,9:48 AM,13,85,Female,6.62,Sick
92,6:15 AM,23,51,Female,0.25,Healthy
22,7:32 AM,63,17,Male,8.84,Sick
32,12:28 AM,34,19,Male,1.44,Injured
48,10:45 AM,65,79,Female,0.33,Sick
21,6:24 PM,91,58,Male,2.31,Injured
92,10:30 AM,25,74,Male,4.52,Sick
31,6:28 AM,10,1,Female,1.97,Injured
84,8:28 AM,69,38,Male,4.89,Sick
4,2:57 AM,58,79,Male,4.23,Injured
79,12:39 PM,62,5,Female,6.13,Injured
50,7:22 AM,49,31,Male,8.07,Sick
60,12:36 PM,21,99,Female,1.99,Healthy
77,3:12 PM,56,10,Male,3.15,Healthy
73,10:11 AM,87,46,Male,3.82,Injured
62,9:23 AM,99,52,Female,2.75,Sick
12,5:28 AM,47,13,Female,5.21,Injured
30,12:58 AM,24,91,Male,2.84,Sick
55,12:02 PM,83,23,Female,9.41,Healthy
94,11:07 AM,55,3,Male,8.49,Sick
91,5:59 PM,68,68,Male,6.8,Healthy
34,7:18 PM,63,68,Female,6.88,Healthy
51,5:16 PM,87,86,Female,3.8,Sick
78,1:07 AM,8,72,Male,2.7,Sick
23,5:59 PM,43,34,Male,4.08,Injured
86,2:56 AM,3,82,Male,3.32,Injured
66,9:47 AM,61,50,Female,1.86,Injured
17,1:59 AM,31,67,Female,0.92,Sick
99,4:42 AM,58,90,Female,8.75,Healthy
99,11:14 PM,11,99,Male,6.19,Sick
84,2:45 AM,51,64,Female,7.96,Healthy
40,2:04 AM,59,41,Male,2.87,Sick
3,3:01 PM,84,17,Male,2.82,Healthy
12,11:47 AM,54,63,Female,8.1,Healthy
99,9:43 PM,46,42,Male,2.12,Injured
17,7:02 PM,83,89,Female,7.79,Injured
78,6:09 AM,35,93,Female,6.6,Injured
20,10:31 AM,25,77,Female,4.58,Healthy
77,5:27 AM,82,24,Male,7.74,Sick
30,7:41 AM,36,19,Female,2.63,Sick
86,3:43 PM,55,59,Male,2.09,Injured
91,1:22 AM,63,11,Female,7.32,Sick
12,5:30 AM,49,39,Male,3.53,Sick
44,4:59 AM,52,93,Male,6.18,Healthy
18,11:20 AM,62,24,Female,6.41,Sick
9,2:12 PM,56,4,Female,4.45,Sick
19,3:44 PM,48,73,Female,4.73,Injured
13,1:32 AM,37,69,Male,6.14,Injured
77,7:08 AM,71,33,Female,8.57,Sick
10,1:04 PM,37,95,Male,7.1,Injured
66,5:19 PM,39,88,Male,8.8,Sick
98,7:58 PM,48,62,Male,1.67,Healthy
11,9:56 PM,38,66,Female,5.14,Healthy
74,1:42 PM,82,50,Female,7.42,Sick
35,4:46 PM,73,26,Male,4.2,Sick
28,9:11 AM,82,74,Male,4.4,Sick
12,4:52 AM,38,51,Female,4.16,Healthy
70,5:44 AM,66,42,Male,7.11,Sick
6,10:43 PM,14,38,Female,5.13,Sick
39,3:29 AM,82,52,Male,4.57,Injured
73,12:39 AM,2,28,Male,9.56,Injured
19,1:00 AM,93,57,Female,3.12,Sick
44,12:33 PM,60,33,Female,3.71,Healthy
94,11:14 AM,31,71,Male,5.34,Sick
89,8:36 AM,59,56,Male,7.1,Sick
10,2:40 AM,54,97,Female,1.29,Sick
32,5:42 PM,20,1,Female,6.49,Healthy
64,12:34 PM,15,87,Female,8.94,Injured
50,5:02 AM,2,93,Female,8.09,Injured
93,2:22 AM,60,24,Male,7.97,Healthy
45,8:53 AM,98,56,Female,1.71,Sick
62,3:56 PM,28,69,Male,0.67,Sick
42,10:57 PM,30,16,Female,2.73,Injured
50,12:07 PM,14,13,Female,6.02,Injured
47,4:43 PM,39,84,Female,9.54,Healthy
64,3:03 PM,38,76,Male,8.31,Sick
2,9:18 AM,67,78,Male,7.14,Sick
56,11:02 PM,7,16,Female,2.26,Sick
30,9:27 AM,88,37,Male,2.2,Sick
39,12:24 AM,73,59,Female,5.33,Sick
58,9:29 PM,20,19,Male,8.53,Injured
75,11:25 PM,90,14,Female,1.47,Sick
68,6:02 AM,57,55,Female,8.14,Sick
52,7:22 PM,54,92,Female,0.17,Healthy
55,6:35 PM,6,74,Female,1.53,Sick
43,2:12 AM,92,45,Male,8.79,Healthy
72,1:06 PM,82,21,Female,1.53,Healthy
78,8:01 PM,83,90,Male,1.82,Injured
55,7:01 PM,98,83,Male,4.18,Injured
66,5:55 AM,79,22,Male,9.35,Healthy
42,5:59 PM,56,40,Male,4.97,Healthy
70,8:36 AM,52,100,Male,5.74,Injured
57,1:38 AM,62,14,Male,9.63,Injured
31,1:56 PM,56,33,Female,4.59,Sick
98,5:25 PM,3,90,Female,0.48,Sick
88,3:17 PM,81,46,Male,9.84,Injured
95,1:06 AM,49,61,Female,2.91,Healthy
7,4:30 AM,22,3,Male,1.06,Sick
64,8:44 AM,39,82,Female,5.3,Healthy
11,9:23 PM,14,44,Male,0.87,Healthy
66,11:02 AM,16,38,Female,9.89,Healthy
82,11:08 AM,34,53,Male,8.1,Healthy
65,1:45 PM,59,65,Male,9.52,Injured
66,6:46 PM,53,25,Male,0.16,Injured
5,10:22 PM,21,23,Male,9.42,Healthy
15,11:52 AM,24,59,Female,1.7,Healthy
43,1:07 PM,14,93,Male,6.51,Sick
95,11:41 AM,81,85,Male,2.85,Healthy
64,10:04 PM,72,4,Female,9.23,Sick
57,4:28 AM,99,17,Female,6.17,Healthy
22,2:03 PM,5,72,Female,0.94,Healthy
49,2:57 PM,71,46,Male,6.06,Injured
97,7:27 AM,26,88,Male,8.59,Healthy
59,12:44 PM,52,61,Male,3.36,Injured
85,9:19 PM,39,54,Female,3.89,Injured
20,3:09 AM,8,15,Male,7.71,Healthy
66,4:14 AM,79,34,Female,1.65,Healthy
87,11:22 PM,65,21,Male,7.69,Healthy
62,12:45 PM,21,29,Female,2.71,Sick
30,6:29 PM,81,42,Male,7.45,Sick
42,2:53 PM,22,22,Female,5.67,Injured
30,1:20 PM,63,59,Male,4.53,Injured
89,6:27 PM,13,46,Male,9.75,Healthy
81,3:43 PM,33,96,Male,7.94,Sick
14,10:43 PM,91,60,Male,1.48,Injured
95,3:18 PM,76,87,Female,7.76,Healthy
58,7:17 PM,16,83,Male,7.74,Injured
48,6:32 PM,72,75,Male,2.95,Sick
75,9:02 PM,36,29,Female,2.32,Healthy
91,1:38 PM,2,79,Female,8.76,Injured
22,2:51 AM,10,1,Male,0.73,Injured
27,10:55 AM,53,50,Female,9.27,Injured
74,11:21 PM,19,61,Male,3.23,Injured
26,4:18 PM,47,31,Female,3.99,Sick
89,7:46 PM,72,47,Male,1.48,Sick
41,2:19 AM,68,69,Male,3.78,Sick
95,11:42 PM,58,84,Male,8.5,Injured
36,8:41 AM,40,83,Male,4.05,Injured
74,12:51 PM,70,58,Male,9.05,Injured
90,1:04 AM,34,48,Female,4.87,Sick
70,4:07 AM,36,5,Male,2.67,Healthy
87,2:40 AM,8,32,Male,6.31,Injured
60,4:25 AM,57,76,Female,5.31,Sick
91,9:48 AM,66,53,Male,9.98,Healthy
88,10:08 AM,18,2,Female,0.11,Healthy
76,10:20 PM,50,64,Male,5.62,Healthy
96,12:02 PM,8,57,Male,3.75,Healthy
54,10:25 PM,86,81,Male,6.99,Sick
52,8:53 PM,92,65,Male,9.33,Sick
89,1:54 AM,95,92,Male,8.34,Injured
2,2:34 AM,5,93,Female,1.34,Healthy
62,11:32 PM,17,67,Male,7.9,Sick
39,3:52 AM,40,45,Male,1.05,Healthy
85,11:07 AM,86,11,Male,8.08,Healthy
79,5:58 AM,13,64,Female,2.86,Sick
76,1:19 PM,49,35,Male,9.6,Sick
91,8:46 AM,17,71,Female,6.92,Healthy
85,4:43 AM,42,91,Male,5.62,Injured
28,8:52 AM,74,51,Female,1.43,Sick
80,2:53 PM,59,8,Male,2.76,Injured
57,9:25 AM,35,2,Male,3.55,Sick
82,1:52 AM,5,3,Male,4.94,Sick
15,7:10 PM,78,80,Female,6.42,Injured
24,11:03 PM,75,41,Male,0.16,Injured
5,4:08 AM,17,3,Male,4.66,Sick
25,2:51 PM,56,92,Male,1.59,Injured
70,3:25 PM,23,83,Female,2.29,Injured
52,7:43 AM,46,63,Male,1.1,Injured
93,10:29 AM,32,95,Male,1.31,Healthy
73,4:26 PM,67,25,Male,5.54,Sick
34,11:04 PM,44,6,Female,5.71,Sick
86,3:03 PM,51,47,Male,6.31,Sick
43,12:27 AM,93,55,Male,6.2,Injured
43,2:01 AM,92,61,Male,9.44,Sick
42,4:47 AM,61,51,Female,5.46,Sick
93,11:28 AM,97,97,Male,6.66,Sick
64,12:40 PM,88,4,Male,1.4,Healthy
96,12:56 AM,97,61,Female,4.32,Injured
91,4:26 AM,44,20,Female,4.23,Injured
58,12:55 AM,78,51,Male,2.46,Healthy
20,1:43 PM,96,98,Female,2.8,Sick
87,2:08 AM,19,84,Female,6.76,Injured
86,4:55 AM,44,9,Male,8.67,Sick
39,8:35 PM,69,51,Female,8.75,Injured
86,5:33 PM,100,53,Female,4.82,Healthy
52,5:19 AM,8,88,Female,8.68,Sick
35,3:30 AM,58,82,Male,1.55,Sick
88,10:05 PM,31,7,Male,1.5,Injured
59,5:54 AM,8,41,Male,1.34,Healthy
86,10:29 PM,38,24,Female,3.37,Injured
46,9:18 PM,51,98,Male,2.76,Sick
12,4:14 AM,42,22,Female,8.35,Sick
3,3:42 AM,22,80,Female,5.78,Healthy
15,3:21 PM,6,65,Male,7.22,Sick
52,4:12 AM,66,93,Male,8.9,Injured
13,11:34 AM,92,37,Male,0.42,Healthy
56,7:09 AM,81,58,Male,2.9,Injured
21,4:07 PM,80,95,Male,4.09,Healthy
99,7:08 AM,90,66,Female,3.75,Sick
70,11:18 AM,16,90,Male,3.92,Injured
75,12:17 PM,3,47,Female,1.86,Injured
44,11:00 AM,50,47,Male,3.04,Healthy
11,4:41 PM,73,35,Female,2.18,Sick
31,11:31 AM,21,5,Male,0.07,Injured
6,1:58 PM,11,100,Female,3.03,Healthy
42,10:04 PM,2,57,Male,2.52,Healthy
56,7:02 PM,96,99,Female,4.4,Injured
50,3:41 PM,84,80,Male,3.33,Injured
71,3:09 PM,62,48,Male,0.16,Sick
27,4:33 PM,62,4,Female,4.54,Healthy
70,5:21 PM,23,6,Male,9.07,Healthy
30,10:59 PM,15,31,Male,5.67,Injured
74,7:55 PM,39,34,Male,1.54,Injured
40,2:36 AM,29,38,Male,4.33,Sick
58,7:17 AM,40,19,Female,8.62,Healthy
89,8:10 AM,95,3,Female,6.82,Sick
28,10:05 AM,55,4,Male,3.4,Injured
85,12:06 PM,77,78,Male,1.54,Injured
74,5:36 AM,26,38,Female,7.1,Sick
65,8:07 PM,27,71,Female,9.81,Injured
67,3:38 AM,53,79,Female,3.91,Healthy
73,10:35 PM,78,94,Female,1.84,Sick
59,6:57 PM,2,80,Female,4,Sick
37,2:00 AM,25,53,Male,7.7,Injured
12,3:15 PM,61,25,Male,5.57,Sick
94,12:21 AM,77,94,Male,0.23,Injured
74,1:36 PM,93,73,Female,2.75,Healthy
14,7:59 PM,96,34,Female,5.36,Injured
54,9:52 AM,39,54,Male,0.36,Sick
22,1:26 AM,76,7,Female,3.97,Healthy
71,9:44 PM,55,23,Male,2.43,Healthy
57,9:13 AM,20,20,Male,7.55,Injured
23,11:54 PM,31,14,Female,0.44,Sick
59,2:33 AM,12,75,Female,9.37,Sick
43,12:51 PM,93,16,Male,0.63,Injured
100,6:58 AM,25,9,Male,9.98,Injured
50,2:10 PM,97,30,Female,9.7,Sick
35,6:37 AM,88,99,Female,6.19,Injured
61,3:11 PM,84,2,Male,6.21,Injured
19,6:52 AM,20,32,Male,2.92,Injured
10,10:50 AM,11,19,Female,1.11,Sick
40,12:02 PM,4,46,Male,6.88,Sick
31,12:05 PM,29,61,Male,1.57,Healthy
87,12:05 AM,19,42,Female,1.1,Healthy
72,2:24 AM,83,84,Female,4.32,Healthy
6,11:22 PM,64,71,Male,6.18,Injured
59,7:24 PM,1,13,Female,5.62,Healthy
42,12:25 AM,55,96,Male,2.86,Injured
34,2:19 PM,53,43,Male,0.33,Sick
95,12:50 PM,61,47,Male,7.87,Injured
75,10:04 PM,55,31,Male,1.3,Injured
90,12:40 PM,39,6,Female,5.37,Healthy
89,11:04 PM,83,94,Male,0.88,Injured
1,11:26 PM,63,37,Male,6.25,Sick
47,8:58 AM,53,87,Male,4.86,Sick
23,2:05 PM,99,93,Male,7.48,Injured
43,11:10 AM,73,73,Male,1.57,Injured
95,12:11 AM,51,73,Male,2.97,Healthy
77,11:26 PM,13,46,Female,5.24,Healthy
88,8:52 PM,69,11,Female,5.51,Healthy
15,4:07 PM,63,61,Male,4.25,Injured
86,8:22 PM,43,64,Male,0.57,Injured
93,9:29 PM,3,98,Female,6.8,Healthy
28,12:21 PM,96,18,Female,9.83,Sick
96,5:11 AM,77,4,Female,7.62,Healthy
89,12:59 PM,27,49,Female,4.96,Sick
84,6:16 PM,28,61,Female,1.72,Sick
62,9:36 AM,27,73,Male,5.15,Sick
3,8:01 PM,27,70,Male,2.02,Injured
22,2:22 AM,49,69,Male,2.19,Sick
51,3:10 AM,56,20,Female,9.98,Sick
14,7:29 PM,72,79,Female,9.13,Sick
67,4:46 PM,25,28,Male,1.06,Injured
89,4:31 AM,94,96,Male,4.64,Healthy
85,5:44 AM,87,88,Male,0.57,Healthy
10,6:24 PM,48,12,Female,2.4,Injured
94,9:27 AM,66,42,Male,3.34,Healthy
16,8:12 PM,31,46,Male,3.99,Healthy
56,4:22 AM,67,57,Male,3.43,Sick
3,5:31 PM,55,84,Male,4.4,Healthy
1,2:58 PM,69,5,Male,9.62,Healthy
72,9:49 AM,45,73,Female,5.68,Healthy
76,11:32 AM,13,71,Male,6.66,Injured
24,4:39 AM,14,15,Female,0.15,Healthy
42,6:46 AM,8,85,Male,2.99,Sick
99,4:15 AM,58,30,Female,3.97,Sick
74,5:43 PM,51,20,Male,5.77,Injured
73,8:08 AM,37,20,Male,2.76,Healthy
86,6:11 PM,25,61,Male,4.98,Healthy
47,5:42 AM,68,53,Male,8.22,Sick
15,11:12 AM,45,75,Male,0.91,Injured
79,7:58 PM,37,77,Female,0.37,Healthy
45,3:58 PM,100,76,Male,4.89,Injured
75,12:52 AM,33,34,Female,0.62,Healthy
1,12:31 PM,12,59,Male,1.43,Sick
67,9:49 PM,27,1,Female,7.07,Healthy
3,2:15 PM,100,94,Female,6.69,Sick
47,1:38 PM,48,37,Female,2.69,Injured
94,9:01 PM,20,13,Male,2.4,Healthy
20,10:00 PM,81,30,Female,7.84,Injured
69,6:33 AM,88,98,Female,7.43,Sick
13,9:56 AM,88,24,Male,5.94,Sick
38,10:33 AM,28,21,Female,2.78,Healthy
23,10:38 PM,83,84,Male,7.82,Healthy
86,2:38 AM,33,19,Male,8.87,Sick
56,6:07 PM,5,58,Female,5.72,Injured
9,10:40 PM,85,6,Male,7.49,Injured
57,9:32 AM,69,58,Male,6.15,Healthy
94,10:16 AM,51,38,Male,8.92,Healthy
67,5:33 AM,69,95,Female,0.93,Sick
22,7:25 PM,13,25,Female,6.66,Injured
81,10:28 AM,38,52,Female,3.55,Sick
88,7:04 AM,98,61,Male,5.08,Healthy
45,7:12 AM,82,24,Male,3.1,Sick
62,3:02 AM,7,7,Male,9.61,Sick
64,6:04 AM,34,95,Male,4.74,Sick
47,7:36 AM,28,75,Female,2.51,Healthy
74,5:17 AM,84,25,Female,6.76,Healthy
100,6:03 PM,50,88,Male,1.54,Injured
89,5:13 AM,42,11,Female,5.82,Sick
88,6:45 PM,84,11,Male,5.32,Healthy
31,4:10 AM,88,56,Female,0.73,Injured
72,11:24 PM,39,84,Female,5.32,Sick
73,3:49 AM,33,35,Male,6.28,Injured
17,11:30 PM,38,30,Male,8.59,Healthy
53,5:56 AM,80,91,Female,7.6,Sick
60,3:10 PM,67,62,Male,6.97,Injured
21,3:50 PM,49,91,Male,8.28,Injured
41,5:16 AM,95,57,Female,8.04,Healthy
58,6:53 PM,98,44,Male,7.91,Sick
25,5:02 PM,11,53,Male,1.42,Sick
64,2:10 AM,41,73,Female,8.33,Sick
54,3:12 AM,92,34,Female,4.63,Healthy
84,7:38 PM,72,84,Female,3.91,Injured
34,5:10 PM,49,12,Male,0.51,Healthy
11,6:53 PM,51,68,Male,2.39,Injured
32,1:51 PM,78,21,Female,0.3,Injured
20,2:42 AM,93,55,Female,0.6,Sick
34,8:55 AM,12,10,Female,8.07,Healthy
35,1:15 PM,31,80,Male,5.88,Injured
64,11:22 AM,98,73,Female,9.81,Healthy
32,5:20 AM,61,8,Female,4.16,Injured
14,5:34 AM,72,90,Female,1.04,Injured
9,1:09 AM,56,70,Male,6.63,Healthy
76,4:34 AM,81,46,Male,9.67,Healthy
65,6:09 AM,96,12,Male,2.25,Injured
30,11:51 PM,34,14,Male,9.92,Sick
20,7:31 AM,99,34,Male,6.41,Healthy
30,11:20 PM,74,68,Female,0.79,Sick
55,1:20 PM,21,71,Female,5.78,Injured
55,5:07 AM,43,43,Male,1.33,Healthy
23,3:40 PM,32,10,Male,7.56,Sick
58,12:19 PM,95,35,Female,5.01,Sick
55,4:41 AM,37,16,Female,2.46,Healthy
19,7:19 PM,36,56,Female,6.07,Healthy
29,2:13 AM,45,78,Female,4.95,Injured
16,5:50 AM,55,39,Male,1.47,Healthy
25,1:01 AM,9,65,Male,5.51,Injured
69,8:52 PM,14,46,Male,4.41,Injured
59,7:26 PM,89,5,Male,2.72,Healthy
5,9:18 PM,23,58,Male,9.24,Healthy
68,5:28 AM,76,89,Female,8.63,Injured
67,10:16 PM,8,73,Female,2.6,Healthy
80,7:10 AM,57,47,Female,8.92,Injured
67,5:14 AM,52,64,Male,8.77,Sick
19,2:37 AM,37,61,Female,0.25,Injured
37,2:19 AM,58,4,Male,5.79,Sick
60,5:21 AM,77,44,Female,8.75,Injured
8,8:37 AM,32,2,Female,1.14,Sick
67,1:11 AM,48,49,Female,2.77,Healthy
77,1:23 AM,70,4,Male,7.42,Sick
8,3:45 AM,45,36,Female,9.34,Injured
65,10:27 PM,77,13,Female,9.16,Healthy
9,9:11 AM,22,47,Female,7.23,Sick
49,5:33 PM,32,18,Male,1.97,Sick
50,12:15 PM,70,2,Male,7.61,Injured
55,7:20 AM,22,20,Female,4.11,Healthy
66,5:15 PM,86,47,Male,0.11,Healthy
1,2:03 AM,73,61,Female,1.43,Healthy
83,6:16 AM,85,15,Male,4.18,Injured
30,9:08 AM,27,48,Female,6.67,Injured
37,12:44 PM,26,30,Male,3.83,Sick
77,5:19 PM,34,40,Male,3.4,Injured
93,4:02 AM,59,69,Male,6.27,Sick
62,8:28 PM,90,28,Male,7.36,Healthy
64,6:31 AM,40,28,Female,2.9,Injured
100,12:33 AM,16,12,Female,5.26,Healthy
46,10:13 PM,4,53,Male,4.6,Sick
79,1:27 AM,3,46,Male,3,Healthy
91,6:59 AM,90,25,Male,9.07,Healthy
95,11:25 AM,27,34,Male,6.17,Injured
11,3:58 PM,13,43,Male,6.63,Injured
93,10:49 AM,2,51,Male,4.01,Sick
24,11:40 PM,3,95,Female,7.94,Injured
7,9:42 AM,61,78,Male,7.15,Sick
90,12:19 AM,100,74,Female,4.11,Injured
19,3:32 PM,89,10,Male,9.7,Sick
82,7:42 AM,11,74,Male,0.97,Healthy
20,2:02 PM,2,59,Male,9.87,Injured
1,5:38 PM,17,49,Female,4.84,Sick
64,11:13 PM,70,74,Male,1.77,Sick
84,2:26 PM,4,95,Female,1.63,Sick
18,11:06 PM,78,61,Female,7.95,Sick
78,1:26 AM,30,64,Female,1.95,Sick
99,7:41 AM,52,44,Male,3.37,Injured
90,9:43 AM,84,31,Female,9.97,Healthy
5,11:59 AM,32,84,Male,9.9,Injured
87,12:13 AM,52,45,Male,7.53,Healthy
87,9:05 PM,45,53,Female,5.77,Injured
78,7:34 PM,54,31,Male,1.81,Injured
76,2:30 PM,19,5,Male,1.92,Sick
46,8:10 PM,4,56,Male,2.15,Healthy
13,12:23 AM,26,25,Female,2.29,Injured
92,8:16 AM,37,65,Male,0.93,Injured
84,6:15 AM,31,11,Male,7.57,Sick
81,4:17 AM,56,50,Male,1.96,Healthy
33,3:36 PM,51,81,Male,8.18,Healthy
66,5:00 PM,1,17,Female,1.27,Sick
23,7:48 PM,73,4,Female,9.44,Sick
73,5:29 AM,73,34,Male,3.91,Healthy
1,10:36 PM,35,3,Female,4.68,Healthy
15,6:38 AM,10,15,Male,0.39,Sick
53,7:15 AM,67,87,Male,3.91,Injured
95,8:55 AM,9,89,Female,5.5,Injured
98,8:51 AM,28,34,Male,7.61,Healthy
91,11:12 AM,9,78,Female,5.19,Sick
93,9:59 PM,21,52,Male,0.49,Healthy
45,7:52 AM,70,51,Female,1.3,Sick
31,3:55 AM,91,70,Male,4.73,Sick
43,2:37 AM,6,82,Female,6.24,Sick
3,8:51 PM,4,96,Female,6.84,Injured
65,4:19 PM,24,93,Female,8.01,Sick
27,5:06 AM,12,80,Female,1.11,Sick
39,5:52 PM,10,63,Female,1.77,Healthy
8,10:41 AM,16,90,Male,4.67,Healthy
5,10:34 AM,97,43,Female,9.43,Injured
90,6:02 PM,49,86,Female,3.04,Sick
31,2:36 PM,62,4,Male,5.4,Healthy
9,10:19 PM,97,79,Male,9.74,Sick
20,11:27 PM,46,93,Male,2.62,Sick
34,8:20 AM,57,28,Female,6.09,Healthy
59,2:01 PM,11,8,Female,8.19,Sick
55,3:43 PM,45,7,Male,5.32,Sick
6,9:46 PM,7,84,Male,6.25,Sick
26,5:10 PM,14,75,Male,6.12,Sick
10,7:28 AM,92,86,Male,5.41,Healthy
60,4:35 AM,72,22,Female,0.96,Injured
28,7:57 PM,67,14,Female,9.88,Healthy
29,10:26 AM,6,21,Male,5.26,Healthy
87,6:10 AM,51,52,Female,0.77,Sick
85,6:43 AM,51,53,Female,4.71,Sick
89,3:25 AM,26,60,Male,3.2,Injured
71,1:36 AM,81,69,Male,8.7,Sick
76,6:18 PM,2,36,Female,2.05,Sick
60,1:08 PM,54,82,Male,7.15,Sick
4,10:09 AM,1,29,Male,3.61,Injured
33,9:03 PM,32,84,Female,0.43,Sick
17,12:58 PM,84,90,Female,2.51,Sick
82,10:11 AM,80,29,Male,7.6,Sick
40,4:39 PM,41,71,Male,6.19,Sick
54,1:56 AM,46,87,Female,7.49,Injured
100,10:15 PM,30,84,Male,1.21,Healthy
51,3:00 AM,43,14,Male,5.68,Injured
92,1:52 PM,74,87,Female,9.46,Healthy
70,12:38 AM,46,53,Male,5.14,Sick
91,11:41 PM,32,92,Male,2.63,Healthy
32,6:15 AM,79,9,Male,5,Healthy
96,3:35 AM,88,35,Male,4.41,Healthy
74,7:52 AM,44,14,Female,2.24,Healthy
55,12:27 AM,79,58,Female,9.33,Injured
10,4:59 PM,60,70,Female,2.04,Sick
99,12:07 PM,46,42,Male,9.3,Healthy
51,6:05 PM,93,47,Male,5.75,Sick
98,6:55 AM,66,7,Male,5.73,Injured
36,8:51 AM,32,75,Male,3.97,Healthy
78,6:35 PM,23,68,Male,4.78,Sick
52,4:53 AM,14,65,Male,9.78,Injured
57,1:01 AM,7,64,Female,1.28,Healthy
19,3:48 AM,68,74,Female,0.72,Sick
58,11:02 PM,61,33,Male,7.67,Injured
69,8:55 PM,27,11,Male,2.49,Healthy
82,5:17 PM,74,100,Female,7.71,Sick
56,1:21 AM,6,96,Male,0.28,Healthy
20,1:46 PM,34,42,Male,5.9,Injured
83,1:14 AM,57,23,Male,6.37,Sick
84,8:52 PM,69,14,Female,6.82,Injured
48,5:42 AM,36,85,Male,0.48,Sick
5,8:16 PM,61,71,Female,0.91,Injured
83,3:34 AM,83,70,Male,0.09,Injured
14,2:20 AM,42,10,Male,9.33,Healthy
51,8:24 AM,60,66,Male,3.02,Sick
28,8:39 AM,97,48,Male,2.26,Healthy
12,12:11 AM,50,49,Male,9.48,Injured
9,10:47 AM,86,11,Male,9.55,Healthy
29,5:38 PM,95,71,Female,7.77,Injured
34,10:05 AM,65,6,Female,9.58,Healthy
53,5:46 AM,93,43,Male,3.64,Sick
5,3:40 AM,4,64,Female,6.54,Sick
87,6:59 PM,4,39,Male,6.17,Injured
79,10:49 PM,7,24,Male,0.74,Sick
41,3:03 PM,49,83,Female,0.13,Injured
69,2:41 AM,32,70,Male,9.16,Healthy
25,7:11 AM,10,94,Male,3.4,Injured
19,4:28 PM,49,47,Female,8.29,Sick
84,10:23 AM,55,26,Male,4.77,Injured
37,2:16 AM,94,37,Male,7.6,Healthy
96,12:52 PM,74,23,Male,2.92,Sick
60,11:12 PM,12,1,Female,1.86,Healthy
48,12:11 PM,70,59,Male,1.04,Healthy
84,4:16 AM,99,27,Male,2.62,Sick
89,11:32 PM,93,67,Female,6.32,Injured
16,10:57 AM,91,76,Male,9.98,Sick
56,10:36 PM,1,76,Male,8,Injured
63,6:31 AM,6,66,Female,0.99,Sick
90,8:57 PM,68,43,Male,9.03,Healthy
25,9:22 AM,97,64,Male,8.68,Healthy
69,2:09 AM,99,89,Male,4.86,Healthy
47,3:16 PM,82,37,Male,7.2,Healthy
19,1:17 PM,83,76,Male,1.78,Healthy
78,7:41 AM,3,46,Female,7.08,Healthy
61,11:14 PM,89,90,Male,2.32,Sick
97,11:46 AM,13,2,Male,7.9,Healthy
84,11:18 PM,22,39,Female,4.96,Injured
19,4:27 AM,58,45,Male,3.26,Sick
29,9:59 PM,36,71,Male,5,Sick
43,2:10 PM,76,71,Female,5.71,Sick
2,6:46 PM,8,41,Male,7.12,Injured
89,6:08 AM,57,21,Female,9.54,Healthy
69,10:04 PM,4,35,Male,1.2,Sick
30,2:08 PM,28,7,Male,4.75,Sick
71,9:11 PM,10,38,Male,4.37,Injured
25,4:23 PM,76,78,Female,8.55,Sick
69,4:55 PM,38,81,Female,9,Injured
28,3:37 PM,76,88,Male,7.41,Injured
40,5:00 AM,31,100,Female,5.82,Sick
93,9:03 PM,53,16,Female,4.19,Sick
45,6:06 AM,88,36,Female,9.18,Sick
26,3:42 AM,60,56,Male,8.62,Injured
46,7:02 AM,14,67,Male,3.72,Healthy
52,5:02 PM,78,86,Female,9.15,Sick
89,2:06 PM,39,83,Female,9.44,Injured
67,6:44 PM,13,80,Male,5.18,Sick
48,9:56 AM,95,52,Male,3.16,Healthy
79,12:33 AM,95,88,Male,2.55,Sick
80,11:54 AM,70,49,Male,7.14,Injured
100,6:14 PM,99,61,Male,3.6,Healthy
72,10:25 AM,82,48,Male,9.16,Sick
43,11:13 PM,14,50,Male,1.34,Sick
36,6:47 AM,67,75,Male,6.71,Healthy
52,10:44 AM,83,38,Male,5.53,Sick
89,8:52 PM,56,99,Female,9.24,Sick
9,6:14 PM,13,45,Female,8.7,Sick
86,5:45 PM,25,45,Male,2.06,Sick
10,10:48 AM,10,79,Male,5.44,Sick
81,10:24 AM,33,28,Male,2.14,Sick
16,7:20 AM,21,97,Male,6.76,Sick
72,11:54 AM,14,98,Female,1.77,Injured
25,7:58 PM,71,36,Female,4.5,Sick
20,11:36 AM,76,34,Female,0.77,Sick
2,10:33 AM,96,16,Male,8.55,Sick
75,10:23 PM,31,37,Female,8.85,Sick
48,6:19 PM,55,97,Female,2.07,Healthy
43,1:55 AM,19,53,Male,0.14,Healthy
87,11:35 PM,23,89,Male,1.56,Healthy
16,6:25 AM,7,43,Female,5.81,Injured
20,10:00 PM,33,15,Male,9.17,Sick
15,1:44 PM,59,76,Female,6.83,Sick
96,7:09 AM,91,29,Male,8.75,Healthy
10,10:51 AM,95,97,Female,3.09,Sick
86,2:47 PM,6,55,Male,2.35,Healthy
14,12:24 PM,90,33,Female,5.72,Sick
68,6:22 PM,74,3,Female,2.93,Injured
88,7:41 AM,31,57,Male,6.35,Sick
22,11:46 PM,73,38,Female,6.71,Sick
3,4:43 PM,2,70,Female,5.25,Sick
68,5:36 PM,35,56,Male,7.82,Sick
34,4:27 AM,95,81,Male,1.06,Sick
38,8:35 PM,21,81,Male,6.09,Healthy
92,6:31 AM,5,57,Female,2.97,Healthy
